{"cameraMode":{"drawMode":0,"name":"Shaded","section":"Shading Mode"},"sceneLighting":true,"audioPlay":false,"sceneViewState":{"showFog":true,"showMaterialUpdate":false,"showSkybox":true,"showFlares":true,"showImageEffects":true,"showParticleSystems":true},"in2DMode":false,"pivot":{"x":-1.934229850769043,"y":-3.738025188446045,"z":0.9539299011230469},"rotation":{"x":-0.10181544721126557,"y":0.8760874271392822,"z":-0.21189826726913453,"w":-0.4209555387496948},"size":13.23300552368164,"orthographic":false}