{"cameraMode":{"drawMode":0,"name":"Shaded","section":"Shading Mode"},"sceneLighting":false,"audioPlay":false,"sceneViewState":{"showFog":true,"showMaterialUpdate":false,"showSkybox":true,"showFlares":true,"showImageEffects":true,"showParticleSystems":true},"in2DMode":false,"pivot":{"x":-5.960464477539063e-8,"y":0.5453696250915527,"z":-0.00440157949924469},"rotation":{"x":0.07291256636381149,"y":0.6620569229125977,"z":-0.06496333330869675,"w":0.7430641055107117},"size":2.168510675430298,"orthographic":false}