{"cameraMode":{"drawMode":0,"name":"Shaded","section":"Shading Mode"},"sceneLighting":true,"audioPlay":false,"sceneViewState":{"showFog":true,"showMaterialUpdate":false,"showSkybox":true,"showFlares":true,"showImageEffects":true,"showParticleSystems":true},"in2DMode":false,"pivot":{"x":4.3278117179870609,"y":-2.141282796859741,"z":-2.193063735961914},"rotation":{"x":0.01294502429664135,"y":-0.9556223750114441,"z":0.29122835397720339,"w":0.04247863590717316},"size":9.240894317626954,"orthographic":false}